{
    "accuracy": 0.607527145875301,
    "precision": 0.8429795894936617,
    "recall": 0.607527145875301,
    "f1_score": 0.6802096206023232,
    "roc_auc": 0.6647682856819491
}