{
  "accuracy": 0.607527145875301,
  "precision": 0.1658291457286432,
  "recall": 0.625385632437197,
  "f1_score": 0.2621466839091077,
  "n_samples": 20353,
  "positive_rate": 0.11148233675625215
}